"Topic 1","Topic 2","Topic 3","Topic 4"
"automate message","bad review","contact question","customer service"
"post fake","automate system","manual review","chat bot"
"flag spam","damage claim","post hold","comment bot"
"post flag","review removal","question concern","pay pay"
"leave review","negative review","apologize inconvenience","word comment"
"chat bot","host guest","bot automatically","correct context"
"social medium","star review","hold manual","exist reason"
"customer support","guest review","review publish","paint surface"
"turo app","term service","apologize post","pay exist"
"guest leave","guest profile","requirement apologize","pay pull"
